title,company,location,link
"Senior Software Engineer, PHP",Docler Holding,Luxembourg,https://stackoverflow.com/jobs/155479
Senior Software Engineer (PHP AND Golang),Paddle,"London, UK",https://stackoverflow.com/jobs/484608
"Backend Software Engineer, PHP (Remote)",Automattic,No office location,https://stackoverflow.com/jobs/315815
Remote - Senior PHP Symfony Developer,Lolly Labs Ltd,No office location,https://stackoverflow.com/jobs/501808
Senior Full Stack PHP/JS Developer for open source web analytics platform Matomo,InnoCraft,No office location,https://stackoverflow.com/jobs/521512
Senior Full Stack Developer (PHP/JS/Infrastructure),SalesChamp,"Brno, Czechia",https://stackoverflow.com/jobs/427712
Junior PHP Entwickler (m/w/d),anders und sehr GmbH,"Stuttgart, Deutschland",https://stackoverflow.com/jobs/501212
Backend Developer (Golang/Node.js/PHP) (m/f/d),Thinksurance,"Frankfurt am Main, Deutschland",https://stackoverflow.com/jobs/487469
Backend Engineer (PHP),Epignosis,"Athens, Greece",https://stackoverflow.com/jobs/510446
Drupal PHP Engineer,Compucorp,"London, UK",https://stackoverflow.com/jobs/512375
Senior PHP Engineer (f/m/d),real.digital,"Köln, Deutschland",https://stackoverflow.com/jobs/501199
Senior Webentwickler (m/w/d) PHP,publicplan GmbH - Düsseldorf,"Düsseldorf, Deutschland",https://stackoverflow.com/jobs/518996
Mid-Senior PHP Developer,TeleSoftas,"Vilnius, Lithuania",https://stackoverflow.com/jobs/500553
PHP Developer experienced in working on large scale web applications,Isabel Group,"Antwerpen, Belgium",https://stackoverflow.com/jobs/521167
Senior PHP Developer,Payslip,No office location,https://stackoverflow.com/jobs/449504
Senior Backend PHP Engineer (m/f/d),Wunder Mobility,"Hamburg, Germany",https://stackoverflow.com/jobs/466417
Sr. Software Engineer - PHP - Contractor,DIGARC,No office location,https://stackoverflow.com/jobs/521882
Software Developer (w/m/d) PHP (German speaking),4Com GmbH & Co. KG,"Hannover, Deutschland",https://stackoverflow.com/jobs/397820
Backend Developer (PHP/Silverstripe),Virti,"Bristol, UK",https://stackoverflow.com/jobs/516894
Experienced Fullstack PHP/Symfony Developer,roadsurfer GmbH,"München, Deutschland",https://stackoverflow.com/jobs/497587
PHP/Backend developer,Prezly,No office location,https://stackoverflow.com/jobs/516321
PHP/Laravel Lead-Developer (m|w|d) | München,ECR European Consumer Rights GmbH,"München, Deutschland",https://stackoverflow.com/jobs/446375
Full Stack PHP Engineer,"Slickdeals, LLC","Los Angeles, CA",https://stackoverflow.com/jobs/501195
PHP Entwickler,equada GmbH,"Alzenau, Germany",https://stackoverflow.com/jobs/448554
Backenddeveloper with PHP / Symfony 4,roadsurfer GmbH,"München, Deutschland",https://stackoverflow.com/jobs/504969
"Senior Backend Software Engineer (PHP, LARAVEL - MUST HAVE)",Givelify,No office location,https://stackoverflow.com/jobs/497588
PHP Developer - Innovation,Takeaway.com,"Enschede, Netherlands",https://stackoverflow.com/jobs/501222
(Senior) Full Stack Developer with focus on PHP (m/f/d) - Full-/Part-time,IUBH Internationale Hochschule GmbH,No office location,https://stackoverflow.com/jobs/505623
Senior Software Engineer (PHP),NFQ Technologies,"Vilnius, Lithuania",https://stackoverflow.com/jobs/500618
PHP Developer,Smals,"Brussels Hoofdstedelijk Gewest, Belgium",https://stackoverflow.com/jobs/519022
PHP Developer - Back-end - 12 Month FTC,None,"Leeds, UK",https://stackoverflow.com/jobs/521689
Back-end PHP Developer,None,"Chadderton, UK",https://stackoverflow.com/jobs/500221
E-commerce PHP Developer,Youwe,"Rotterdam, Netherlands",https://stackoverflow.com/jobs/518960
PHP Developer - USD Salary - REMOTE WORK,BairesDev LLC,No office location,https://stackoverflow.com/jobs/514669
Senior PHP Shopware Developer (m/w/d),Neofonie,"Berlin, Deutschland",https://stackoverflow.com/jobs/518579
PHP Tech Lead (m/f/d),Westwing Home & Living,"München, Deutschland",https://stackoverflow.com/jobs/500188
PHP Developer (Experienced),ICF Tech Hungary,"Budapest, Hungary",https://stackoverflow.com/jobs/308367
Werkstudent (m/w/d) - PHP Entwicklung ID4me,1&1 IONOS SE,"Karlsruhe, Deutschland",https://stackoverflow.com/jobs/471162
Full Stack PHP Developer,DkR,"Lomazzo, Italy",https://stackoverflow.com/jobs/396797
"Sr. Backend Engineer (PHP, LARAVEL - MUST HAVE)",Givelify,No office location,https://stackoverflow.com/jobs/447564
Senior Software Engineer (PHP),Mollie,"Amsterdam, Netherlands",https://stackoverflow.com/jobs/401735
PHP Backend Developer (Remote),North American Bancard,No office location,https://stackoverflow.com/jobs/517512
Fullstack Engineer (React/Node/PHP) for Mission-Driven EdTech (Remote/US),Hobsons,"Arlington, VA",https://stackoverflow.com/jobs/468940
"Backend Developer PHP (m/w/d) in Leipzig, Halle (Saale) oder Dresden",Relaxdays GmbH,"Leipzig, Deutschland",https://stackoverflow.com/jobs/433896
PHP BACKEND DEVELOPER (F/M/D) WITH THE POSSIBILITY TO WORK REMOTE (+- 2H CET),plista GmbH,"Berlin, Deutschland",https://stackoverflow.com/jobs/500867
PHP Back-end Software Developer- Remote,Upstack,No office location,https://stackoverflow.com/jobs/286028
Graduate/Junior PHP Developer - eCommerce Systems - Modern Tech,None,"Romsey, UK",https://stackoverflow.com/jobs/513716
Backend Engineer (PHP/Go) - Cloud Telephony (m/f/d),NFON AG,"Berlin, Deutschland",https://stackoverflow.com/jobs/505667
Software Engineer (gn) PHP/Symfony,LichtBlick SE,"Hamburg, Deutschland",https://stackoverflow.com/jobs/513713
Backend Entwickler PHP (m/w/d),GastroHero GmbH,"Holzwickede, Deutschland",https://stackoverflow.com/jobs/496600
"Software Architect, PHP",Docler Holding,Luxembourg,https://stackoverflow.com/jobs/206535
Senior Backend Engineer (PHP),Castor,No office location,https://stackoverflow.com/jobs/513300
Senior PHP Developer,SimpliSafe,"Boston, MA",https://stackoverflow.com/jobs/350956
Fullstack Software Engineer PHP/JS (m/f/d) - Club Growth,Westwing Home & Living,"München, Deutschland",https://stackoverflow.com/jobs/494514
PHP-Entwickler (m/w/d),Apologistics GmbH,"Markkleeberg, Deutschland",https://stackoverflow.com/jobs/507622
PHP Engineer,Everli,No office location,https://stackoverflow.com/jobs/516454
Senior PHP Developer (Laravel),The Interaction Design Foundation,No office location,https://stackoverflow.com/jobs/482915
Web Developer PHP at the leading Social Media Software Company (m/w/d),Facelift brand building technologies GmbH,"Hamburg, Deutschland",https://stackoverflow.com/jobs/515986
PHP Full-Stack Developer,None,"London, UK",https://stackoverflow.com/jobs/519009
Software Engineer (m/w/d) PHP,Healthcare X.0 GmbH,"Hamburg, Deutschland",https://stackoverflow.com/jobs/515592
"PHP Developer (Marketplace, Blue Team)",eMAG,"Bucharest, Romania",https://stackoverflow.com/jobs/521603
PHP Software Engineer,SureSwift Capital,No office location,https://stackoverflow.com/jobs/521735
Lead Backend PHP Developer,ABOUT YOU GmbH & Co. KG,"Hamburg, Deutschland",https://stackoverflow.com/jobs/376894
PHP Software Engineer,trivago N.V.,"Düsseldorf, Germany",https://stackoverflow.com/jobs/520029
TYPO3 & PHP Entwickler:in für spannende Webapplikationen,4eyes GmbH,"Basel, Schweiz",https://stackoverflow.com/jobs/519613
Senior PHP Developer,Tech9,"Pune, India",https://stackoverflow.com/jobs/498480
PHP Developer - Innovation,Takeaway.com,"Enschede, Netherlands",https://stackoverflow.com/jobs/501222
(Senior) Full Stack Developer with focus on PHP (m/f/d) - Full-/Part-time,IUBH Internationale Hochschule GmbH,No office location,https://stackoverflow.com/jobs/505623
Senior Software Engineer (PHP),NFQ Technologies,"Vilnius, Lithuania",https://stackoverflow.com/jobs/500618
PHP Developer,Smals,"Brussels Hoofdstedelijk Gewest, Belgium",https://stackoverflow.com/jobs/519022
PHP Developer - Back-end - 12 Month FTC,None,"Leeds, UK",https://stackoverflow.com/jobs/521689
Back-end PHP Developer,None,"Chadderton, UK",https://stackoverflow.com/jobs/500221
E-commerce PHP Developer,Youwe,"Rotterdam, Netherlands",https://stackoverflow.com/jobs/518960
PHP Developer - USD Salary - REMOTE WORK,BairesDev LLC,No office location,https://stackoverflow.com/jobs/514669
Senior PHP Shopware Developer (m/w/d),Neofonie,"Berlin, Deutschland",https://stackoverflow.com/jobs/518579
Senior PHP Developer,Defiant Inc,No office location,https://stackoverflow.com/jobs/500281
PHP Developer - USD Salary - REMOTE WORK,BairesDev LLC,No office location,https://stackoverflow.com/jobs/514669
Senior PHP Shopware Developer (m/w/d),Neofonie,"Berlin, Deutschland",https://stackoverflow.com/jobs/518579
PHP Tech Lead (m/f/d),Westwing Home & Living,"München, Deutschland",https://stackoverflow.com/jobs/500188
PHP Developer (Experienced),ICF Tech Hungary,"Budapest, Hungary",https://stackoverflow.com/jobs/308367
Werkstudent (m/w/d) - PHP Entwicklung ID4me,1&1 IONOS SE,"Karlsruhe, Deutschland",https://stackoverflow.com/jobs/471162
"Senior Backend Software Engineer (PHP, LARAVEL - MUST HAVE)",Givelify,No office location,https://stackoverflow.com/jobs/497588
Full Stack PHP Developer,DkR,"Lomazzo, Italy",https://stackoverflow.com/jobs/396797
"Sr. Backend Engineer (PHP, LARAVEL - MUST HAVE)",Givelify,No office location,https://stackoverflow.com/jobs/447564
PHP Back-end Software Developer- Remote,Upstack,No office location,https://stackoverflow.com/jobs/286028
Graduate/Junior PHP Developer - eCommerce Systems - Modern Tech,None,"Romsey, UK",https://stackoverflow.com/jobs/513716
Backend Engineer (PHP/Go) - Cloud Telephony (m/f/d),NFON AG,"Berlin, Deutschland",https://stackoverflow.com/jobs/505667
Software Engineer (gn) PHP/Symfony,LichtBlick SE,"Hamburg, Deutschland",https://stackoverflow.com/jobs/513713
Backend Entwickler PHP (m/w/d),GastroHero GmbH,"Holzwickede, Deutschland",https://stackoverflow.com/jobs/496600
PHP Web Application Developer,Old Dominion University,"Norfolk, VA",https://stackoverflow.com/jobs/472050
"Senior PHP Developer - (DMARC, Domain Spoofing, Cyber)",Mimecast,"Hilversum, Netherlands",https://stackoverflow.com/jobs/390279
Informatiker als Web-/Softwareentwickler Backend (PHP) eCommerce (m/w),webconia GmbH,"Hamburg, Deutschland",https://stackoverflow.com/jobs/253395
Senior PHP Entwickler (m/w/d),anders und sehr GmbH,"Stuttgart, Deutschland",https://stackoverflow.com/jobs/501198
WordPress Developer (PHP/JS),Vertigo Studio SRL,No office location,https://stackoverflow.com/jobs/435451
PHP Entwickler (Backend oder Full Stack)(m/w/d),WunschGutschein,"Düsseldorf, Deutschland",https://stackoverflow.com/jobs/365530
Senior Backend PHP Engineer (m/f/d),Wunder Mobility,No office location,https://stackoverflow.com/jobs/466412
Senior PHP Backend Developer,Salesfloor Inc.,"Montreal, QC, Canada",https://stackoverflow.com/jobs/516443
"Mid/Senior level Full-stack developer(Angular, PHP and Node.js)",Fleet Complete,"Tartu, Estonia",https://stackoverflow.com/jobs/450800
Software Engineer (PHP),NFQ Technologies,"Kaunas, Lithuania",https://stackoverflow.com/jobs/521709
Software Engineer | PHP,ABOUT YOU GmbH & Co. KG,"Hamburg, Deutschland",https://stackoverflow.com/jobs/350001
PHP Developer,Milestone IT,"Meadowbrook, Australia",https://stackoverflow.com/jobs/521807
Backend Entwickler PHP (m/w/d),GastroHero GmbH,"Holzwickede, Deutschland",https://stackoverflow.com/jobs/496600
PHP Web Application Developer,Old Dominion University,"Norfolk, VA",https://stackoverflow.com/jobs/472050
"Senior PHP Developer - (DMARC, Domain Spoofing, Cyber)",Mimecast,"Hilversum, Netherlands",https://stackoverflow.com/jobs/390279
Informatiker als Web-/Softwareentwickler Backend (PHP) eCommerce (m/w),webconia GmbH,"Hamburg, Deutschland",https://stackoverflow.com/jobs/253395
Senior PHP Entwickler (m/w/d),anders und sehr GmbH,"Stuttgart, Deutschland",https://stackoverflow.com/jobs/501198
Senior PHP Developer,Defiant Inc,No office location,https://stackoverflow.com/jobs/500281
PHP Entwickler (Backend oder Full Stack)(m/w/d),WunschGutschein,"Düsseldorf, Deutschland",https://stackoverflow.com/jobs/365530
Senior Backend PHP Engineer (m/f/d),Wunder Mobility,No office location,https://stackoverflow.com/jobs/466412
Senior PHP Backend Developer,Salesfloor Inc.,"Montreal, QC, Canada",https://stackoverflow.com/jobs/516443
WordPress Developer (PHP/JS),Vertigo Studio SRL,No office location,https://stackoverflow.com/jobs/435451
"Mid/Senior level Full-stack developer(Angular, PHP and Node.js)",Fleet Complete,"Tartu, Estonia",https://stackoverflow.com/jobs/450800
Software Engineer (PHP),NFQ Technologies,"Kaunas, Lithuania",https://stackoverflow.com/jobs/521709
Software Engineer | PHP,ABOUT YOU GmbH & Co. KG,"Hamburg, Deutschland",https://stackoverflow.com/jobs/350001
Seeking PHP/MySQL Picasso,Quote Velocity,No office location,https://stackoverflow.com/jobs/521867
Senior Software Engineer (Node.js / PHP),DinDinn Corporation Pte. Ltd.,Singapore,https://stackoverflow.com/jobs/509358
PHP Developer (f/m/d) Remote/Homeoffice - WordPress Projects at Enterprise Level,Inpsyde GmbH,No office location,https://stackoverflow.com/jobs/229477
Lead Vue.js / PHP developer,HUBX,No office location,https://stackoverflow.com/jobs/397027
PHP Backend Developer,None,"Hamburg, Germany",https://stackoverflow.com/jobs/518474
Senior Software Engineer PHP/Laravel,Harlem Next,"Haarlem, Netherlands",https://stackoverflow.com/jobs/427254
Senior PHP Software Engineer,Ampersand,"Manchester, UK",https://stackoverflow.com/jobs/496026
Full-Stack PHP/Python Web Developer,Kettle,No office location,https://stackoverflow.com/jobs/295624
Magento PHP Back End Developer,Agentur LOOP New Media GmbH,"Salzburg, Österreich",https://stackoverflow.com/jobs/107460
PHP/Laravel Developer (m|w|d) | München,ECR European Consumer Rights GmbH,"München, Deutschland",https://stackoverflow.com/jobs/446376
PHP Developer,Skillhouse Staffing Solutions,"Tokyo, Japan",https://stackoverflow.com/jobs/466261
"Senior PHP Engineer, Security",Docler Holding,Luxembourg,https://stackoverflow.com/jobs/505286
Fullstack Web-Developer PHP & Javascript (f/m),UBIMET GmbH,"Wien, Österreich",https://stackoverflow.com/jobs/457914
Full Stack PHP Engineer,"Slickdeals, LLC","Las Vegas, NV",https://stackoverflow.com/jobs/359259
PHP Developer,Bluebird Day B.V.,"Breda, Netherlands",https://stackoverflow.com/jobs/504916
Senior PHP Developer @Loyals,Loyals B.V.,"Mijdrecht, Netherlands",https://stackoverflow.com/jobs/503555
(Senior-) PHP-Developer (m/w/d),MOSAIQ GmbH,"Stuttgart, Germany",https://stackoverflow.com/jobs/518479
Senior PHP Engineer,AUTO1,"Katowice, Poland",https://stackoverflow.com/jobs/473446
Senior PHP Developer (m/f/d) - OMS,Westwing Home & Living,"München, Deutschland",https://stackoverflow.com/jobs/500223
Senior PHP Developer (m/f/d) — Logistic Services,Westwing Home & Living,"München, Deutschland",https://stackoverflow.com/jobs/508994
PHP Tech Lead (m/f/d) - Checkout and Payment 3,Westwing Home & Living,"München, Deutschland",https://stackoverflow.com/jobs/500186
Senior Node.js Developer (m/f/d),Thinksurance,"Frankfurt am Main, Deutschland",https://stackoverflow.com/jobs/512015
System- and Database-Administrator (f/m/d),AddApptr GmbH,"Hamburg, Germany",https://stackoverflow.com/jobs/272132
Product Manager - SaaS,Speexx,"München, Deutschland",https://stackoverflow.com/jobs/520597
Frontend Engineer (m/w/d),sgalinski,No office location,https://stackoverflow.com/jobs/283027
Werkstudent:in Web-Development (m/w/d),sgalinski,No office location,https://stackoverflow.com/jobs/283034
Senior Backend Engineer (Ruby on Rails),Files.com,No office location,https://stackoverflow.com/jobs/282423
Software Engineer - Clearance Required - Multidisciplinary,BrainGu,"Chantilly, VA",https://stackoverflow.com/jobs/267449
"Frontend Developer (m/w/d) in Leipzig, Halle (Saale) oder Dresden",Relaxdays GmbH,"Leipzig, Deutschland",https://stackoverflow.com/jobs/433898
"Backend Developer C# (w/m/d) in Leipzig, Halle (Saale) oder Dresden",Relaxdays GmbH,"Leipzig, Deutschland",https://stackoverflow.com/jobs/433895
.NET Developer,None,"Vilnius, Lithuania",https://stackoverflow.com/jobs/513199
Mid - Senior Software Developer (Ruby on Rails),ScoutAPM,No office location,https://stackoverflow.com/jobs/496624
Frontend Developer (w/*/m),queo GmbH,"Dresden, Deutschland",https://stackoverflow.com/jobs/482918
Engineering Manager - Ruby on Rails,ScoutAPM,No office location,https://stackoverflow.com/jobs/498479
"Expert Java Engineer, Core (f/m/x)",AUTO1,"Berlin, Germany",https://stackoverflow.com/jobs/439746
Senior Frontend Engineer (ES8/React/Redux/Saga),Files.com,No office location,https://stackoverflow.com/jobs/241031
"Front-End Developer (HTML, CSS, Vue.js, Animation)",Limesharp,No office location,https://stackoverflow.com/jobs/132347
Web-Development TYPO3 (m/w/d),sgalinski,No office location,https://stackoverflow.com/jobs/283033
Front-End Engineer - Amazon Connect (AWS),Amazon Web Services,"New York, NY",https://stackoverflow.com/jobs/499872
Mobile React Developer,Chessable Limited,"Barcelona, Spain",https://stackoverflow.com/jobs/488334
Sr. Front-End Engineer - Amazon Connect (AWS),Amazon Web Services,"New York, NY",https://stackoverflow.com/jobs/499869
Manual QA Engineer,Compucorp,"London, UK",https://stackoverflow.com/jobs/513776
Engineering Manager,Brosa Design,"Melbourne, Australia",https://stackoverflow.com/jobs/509904
Full-Stack Technical Lead,SSENSE,"Austin, TX",https://stackoverflow.com/jobs/521737
Java Backend Software Engineer - (f/m/d),zooplus AG,"Madrid, Spain",https://stackoverflow.com/jobs/495956
Senior Backend Engineer (Remote),Slido,"Bratislava, Slovakia",https://stackoverflow.com/jobs/519965
Senior JavaScript Developer / React Engineer (Remote),Branding Brand,"Pittsburgh, PA",https://stackoverflow.com/jobs/518805
Senior Front-end Software Developer (m/f/d),Yalwa GmbH,"Wiesbaden, Germany",https://stackoverflow.com/jobs/520683
Senior Web Developer (m/w/d),MASSIVE ART WebServices GmbH,"Dornbirn, Österreich",https://stackoverflow.com/jobs/521805
PJ04.02 Web Developer,TESAE SA,"Cholargos, Greece",https://stackoverflow.com/jobs/482972
Backend Engineer - Remote/Madrid,Personio,No office location,https://stackoverflow.com/jobs/401726
Front End Developer,Agentur LOOP New Media GmbH,"Salzburg, Österreich",https://stackoverflow.com/jobs/107462
Software Developer,Lowers Risk Group LLC,No office location,https://stackoverflow.com/jobs/516442
Language Agnostic Backend Developer,35up GmbH,"Berlin, Germany",https://stackoverflow.com/jobs/519651
Junior Software Engineer,AIRBUS,"Newport, UK",https://stackoverflow.com/jobs/520629
Head of Engineering - Remote,Black Spectacles,"Chicago, IL",https://stackoverflow.com/jobs/488075
Senior Java Engineer,Finity,"Portland, OR",https://stackoverflow.com/jobs/520138
"Lead Engineer - Python, MySQL, VueJS",Tails.com,"Richmond, UK",https://stackoverflow.com/jobs/391983
"Front-End Developer (Vue.js, Typescript, SPA)",TextMagic,"Novosibirsk, Russia",https://stackoverflow.com/jobs/516955
Sr. Software Engineer,Ceros,No office location,https://stackoverflow.com/jobs/518800
Senior Web Application Developer,Cultural Intelligence Center,"Bingham Farms, MI",https://stackoverflow.com/jobs/516460
Senior Android Engineer,Givelify,No office location,https://stackoverflow.com/jobs/497584
Web-Entwickler (m/w/d) JavaScript / TypeScript,Sortimo International GmbH,"Zusmarshausen, Germany",https://stackoverflow.com/jobs/504213
Backend Developer,Quant,"London, UK",https://stackoverflow.com/jobs/499172
Backend Developer,"Your Arbor, Inc.",No office location,https://stackoverflow.com/jobs/508679
Solutions Architect,Quantum Mob,"Toronto, ON, Canada",https://stackoverflow.com/jobs/518769
Frontend Web Developer,Hatfield Media,"Louisville, KY",https://stackoverflow.com/jobs/519272
Senior Backend Developer (Can be fully remote from Spain),Wallbox Chargers SL,"Barcelona, Spain",https://stackoverflow.com/jobs/518629
Senior API Developer,PestRoutes,No office location,https://stackoverflow.com/jobs/496064
"Senior Back-End Developer (PHP7, Symfony 5, PostgreSQL)",TextMagic,"Novosibirsk, Russia",https://stackoverflow.com/jobs/516954
Senior Data Engineer (m/f/d),DCMN,"Berlin, Germany",https://stackoverflow.com/jobs/474106
Senior Full Stack Web Developer (m/w/d),CtrlMovie AG,"Stuttgart, Deutschland",https://stackoverflow.com/jobs/380075
Software Engineer,Akeneo,"Nantes, France",https://stackoverflow.com/jobs/491904
Support Engineer - NetSuite Specialist,TaxJar,No office location,https://stackoverflow.com/jobs/496623
Senior Software Engineer Java (f/m/d),AWIN AG,"Berlin, Deutschland",https://stackoverflow.com/jobs/519522
Full-Stack Technical Lead,SSENSE,"Ottawa, ON, Canada",https://stackoverflow.com/jobs/521743
Software Engineer,Creatopy,"Oradea, Romania",https://stackoverflow.com/jobs/521707
Senior Mobile Developer (React Native),DeansList,"Brooklyn, NY",https://stackoverflow.com/jobs/496840
Senior Fullstack Developer (Core Platform Services),Smartly.io,"Helsinki, Finland",https://stackoverflow.com/jobs/465571
Lead Engineer (m/f/d),Personio,"München, Germany",https://stackoverflow.com/jobs/492311
"Senior Software Engineer, Parsing","Wikimedia Foundation, Inc.",No office location,https://stackoverflow.com/jobs/505272
"Join our remote team and enjoy work-life balance (JavaScript, NodeJS, React)",Spidergap,No office location,https://stackoverflow.com/jobs/316406
Senior Full Stack Developer - work for an Inc. 5000 Company (Remote),OnePak Inc,No office location,https://stackoverflow.com/jobs/450184
Software developer who wants to change how companies sell digitally - Helsinki,Columbia Road,"Helsinki, Finland",https://stackoverflow.com/jobs/431663
Lead Software Developer,Quore,"Franklin, TN",https://stackoverflow.com/jobs/512378
Senior Software Engineer Node.js,Huboo Technologies Ltd,"Bristol, UK",https://stackoverflow.com/jobs/512666
"Front-End Developer (HTML, CSS, Vue.js, Animation)",Limesharp,No office location,https://stackoverflow.com/jobs/132347
Head of Engineering - Remote,Black Spectacles,"Chicago, IL",https://stackoverflow.com/jobs/488075
API and Backend Engineer,Mission Control GG,"St. Louis, MO",https://stackoverflow.com/jobs/519262
"Lead Engineer - Python, MySQL, VueJS",Tails.com,"Richmond, UK",https://stackoverflow.com/jobs/391983
Senior Java Engineer,Finity,"Portland, OR",https://stackoverflow.com/jobs/520138
"Front-End Developer (Vue.js, Typescript, SPA)",TextMagic,"Novosibirsk, Russia",https://stackoverflow.com/jobs/516955
Senior Backend Engineer - Tech Platform (m/f/d),Personio,"München, Germany",https://stackoverflow.com/jobs/467734
Sr. Software Engineer,Ceros,No office location,https://stackoverflow.com/jobs/518800
Senior Web Application Developer,Cultural Intelligence Center,"Bingham Farms, MI",https://stackoverflow.com/jobs/516460
Front-End Web Developer (all genders) Full-/Part-time,Accenture DACH,"Frankfurt, Germany",https://stackoverflow.com/jobs/391299
Senior Software Engineer - Python,Andela,No office location,https://stackoverflow.com/jobs/515967
Tech Lead Backend Development (m/f/d),"AppLike Group - justDice, adjoe and Sunday","Hamburg, Deutschland",https://stackoverflow.com/jobs/506059
Senior Node.js Backend Developer (Remote),North American Bancard,No office location,https://stackoverflow.com/jobs/517509
Experienced Laravel and VueJS developer,Curotec,No office location,https://stackoverflow.com/jobs/516149
Senior/Lead FullStack JavaScript developer,Testlio Inc.,"Tallinn, Estonia",https://stackoverflow.com/jobs/445415
Senior Full-Stack Web Application Engineer,"Fine-Tuned Bits, Inc.",No office location,https://stackoverflow.com/jobs/503576
Salesforce Developer - Fully Remote,Metabolic Living,"Raleigh, NC",https://stackoverflow.com/jobs/519743
Software Engineer,Mercari,"Tokyo, Japan",https://stackoverflow.com/jobs/515462
Software Engineer,DialogTech,No office location,https://stackoverflow.com/jobs/508370
"Full Stack Developer (GraphQL, VueJS, Laravel) Office or Remote",Limesharp,"London, UK",https://stackoverflow.com/jobs/462636
Senior Backend Engineer (m/f/d),Personio,"München, Germany",https://stackoverflow.com/jobs/273941
Senior Back-End Web Developer for the #1 Kids Coding Platform,Tynker,No office location,https://stackoverflow.com/jobs/494564
"Senior Software Engineer (React.js, GraphQL)",UCRAFT,"Yerevan, Armenia",https://stackoverflow.com/jobs/455718
"Software Engineer (m/f/d) Python, C++, GO or JavaScript",ProSiebenSat.1 Media SE,"München, Deutschland",https://stackoverflow.com/jobs/497098
Senior Full Stack Software Developer,Liberty Fox Technologies,"Philadelphia, PA",https://stackoverflow.com/jobs/513013
Senior Frontend (REACT) Engineer,Givelify,No office location,https://stackoverflow.com/jobs/497591
Laravel-Developer (m/w/d),rooom AG,"Leipzig, Deutschland",https://stackoverflow.com/jobs/392571
Lead Engineer - WordPress,WebDevStudios,No office location,https://stackoverflow.com/jobs/409888
(Senior) Full Stack Developer Fokus JavaScript (m/w/d) - Remote/deutschlandweit,IUBH Internationale Hochschule GmbH,No office location,https://stackoverflow.com/jobs/505619
Mobile React Developer,Chessable Limited,"Barcelona, Spain",https://stackoverflow.com/jobs/488334
DevOps Engineer,Kinsta,No office location,https://stackoverflow.com/jobs/504913
Software Engineer/Devops Engineer (m/w/d),Cornelsen Verlag GmbH,"Berlin, Deutschland",https://stackoverflow.com/jobs/510397
Senior Java Backend /Full-Stack Developer für New TV (m/w/d),TeraVolt GmbH,"Hamburg, Deutschland",https://stackoverflow.com/jobs/403368
BackEnd Developer,AudioValley,Luxembourg,https://stackoverflow.com/jobs/518187
Sr. Front-End Engineer - Amazon Connect (AWS),Amazon Web Services,"New York, NY",https://stackoverflow.com/jobs/499869
Engineering Lead - Payments,Mollie,"Amsterdam, Netherlands",https://stackoverflow.com/jobs/416093
Webentwickler (m/w/d),intan media services GmbH,No office location,https://stackoverflow.com/jobs/467729
Full Stack Golang Developer/Message Delivery,Harlem Next,"Haarlem, Netherlands",https://stackoverflow.com/jobs/493896
Praktikum Softwareentwicklung (f/m/d),Fusonic,"Götzis, Austria",https://stackoverflow.com/jobs/485771
Security Engineer (f/m/d),real.digital,"Köln, Deutschland",https://stackoverflow.com/jobs/501207
Cloud Support Engineer (Remote),Platform.sh,No office location,https://stackoverflow.com/jobs/506044
Intermediate Software Developer,Susco,"Metairie, LA",https://stackoverflow.com/jobs/513662
Cloud Engineer (remote),Platform.sh,No office location,https://stackoverflow.com/jobs/493242
Shopware Entwickler (m/w/d),zeroseven design studios GmbH,"Ulm, Deutschland",https://stackoverflow.com/jobs/456284
Junior Full Stack Web Developer (m/w/d) für die Nachrichten-Branche,Badische Neueste Nachrichten Badendruck GmbH,"Karlsruhe, Deutschland",https://stackoverflow.com/jobs/199007
"Engineering Manager (m/f) - Munich, Germany",Westwing Home & Living,"München, Deutschland",https://stackoverflow.com/jobs/205693
iOS Engineer,ASOS,"Birmingham, UK",https://stackoverflow.com/jobs/487250
Devops Advocate,Akeneo,"Nantes, France",https://stackoverflow.com/jobs/491907
Senior Software Engineer,Storable,"Austin, TX",https://stackoverflow.com/jobs/498463
Principal Front-end Engineer,MessageBird,No office location,https://stackoverflow.com/jobs/477959
Software Engineer,Mercari,"Tokyo, Japan",https://stackoverflow.com/jobs/515462
Senior Node.js Backend Developer (Remote),North American Bancard,No office location,https://stackoverflow.com/jobs/517509
VBA- und SQL-Programmierer (m/w/d),TEKO Gesellschaft für Kältetechnik GmbH,"Altenstadt, Germany",https://stackoverflow.com/jobs/500595
Sr. Frontend Engineer,"Slickdeals, LLC","Las Vegas, NV",https://stackoverflow.com/jobs/397622
Support Engineer / Tier2 Fullstack Engineer,CommentSold,No office location,https://stackoverflow.com/jobs/497133
DevOps Engineer,WELL Health Inc.,"Santa Barbara, CA",https://stackoverflow.com/jobs/521794
Technical Account Manager - Performance Tuning specialist (remote),Platform.sh,No office location,https://stackoverflow.com/jobs/521813
Informatiker/-in (m/w/d) – Administration von E-Learning Management Systemen,Beuth-Hochschule für Technik Berlin,"Berlin, Deutschland",https://stackoverflow.com/jobs/503436
"Full Stack Engineer - Junior to Senior - Vue.js, Go",Ezoic,"Carlsbad, CA",https://stackoverflow.com/jobs/427867
"Full Stack Developer (GraphQL, VueJS, Laravel) Office or Remote",Limesharp,"London, UK",https://stackoverflow.com/jobs/462636
Senior Backend Engineer (m/f/d),Personio,"München, Germany",https://stackoverflow.com/jobs/273941
"Senior Software Engineer (React.js, GraphQL)",UCRAFT,"Yerevan, Armenia",https://stackoverflow.com/jobs/455718
Software Architect,None,"Sarnia, ON, Canada",https://stackoverflow.com/jobs/519265
Senior Back-End Web Developer for the #1 Kids Coding Platform,Tynker,No office location,https://stackoverflow.com/jobs/494564
"Software Engineer (m/f/d) Python, C++, GO or JavaScript",ProSiebenSat.1 Media SE,"München, Deutschland",https://stackoverflow.com/jobs/497098
Senior Full Stack Software Developer,Liberty Fox Technologies,"Philadelphia, PA",https://stackoverflow.com/jobs/513013
(Senior) Backend Developer (m/f/d),Invia Group,"Chemnitz, Deutschland",https://stackoverflow.com/jobs/520011
Trainer (m/w/d) - Webentwickler / Web Developer,WBS Gruppe,No office location,https://stackoverflow.com/jobs/521938
Softwareentwickler (m/w/d) Web Frontend - Remote oder vor Ort,dsb ebusiness,"Frankfurt am Main, Deutschland",https://stackoverflow.com/jobs/521137
Full-Stack Developers,Blueprint Genetics,"Espoo, Finland",https://stackoverflow.com/jobs/455231
"Full Stack Web Developer (Remote, International)",SOCi Inc.,No office location,https://stackoverflow.com/jobs/519652
Software Engineer - Remote,EBANX,"Curitiba, Brazil",https://stackoverflow.com/jobs/518221
Senior Frontend Developer,Quant,"London, UK",https://stackoverflow.com/jobs/517291
Software Engineer - Fullstack (Remote Only),"Magic Memories Digital, Ltd.",No office location,https://stackoverflow.com/jobs/442667
Lead Software Engineer (m/f/d),Personio,"München, Germany",https://stackoverflow.com/jobs/504257
(Senior) Backend Developer (m/f/d),Invia Group,"Chemnitz, Deutschland",https://stackoverflow.com/jobs/520011
Webentwickler / Web Developer (m/w/d),Apologistics GmbH,"Markkleeberg, Deutschland",https://stackoverflow.com/jobs/507623
Senior Back-End Developer (Drupal),Interpersonal Frequency,No office location,https://stackoverflow.com/jobs/446548
VBA- und SQL-Programmierer (m/w/d),TEKO Gesellschaft für Kältetechnik GmbH,"Altenstadt, Germany",https://stackoverflow.com/jobs/500595
Sr. Frontend Engineer,"Slickdeals, LLC","Las Vegas, NV",https://stackoverflow.com/jobs/397622
Support Engineer / Tier2 Fullstack Engineer,CommentSold,No office location,https://stackoverflow.com/jobs/497133
DevOps Engineer,WELL Health Inc.,"Santa Barbara, CA",https://stackoverflow.com/jobs/521794
Technical Account Manager - Performance Tuning specialist (remote),Platform.sh,No office location,https://stackoverflow.com/jobs/521813
Informatiker/-in (m/w/d) – Administration von E-Learning Management Systemen,Beuth-Hochschule für Technik Berlin,"Berlin, Deutschland",https://stackoverflow.com/jobs/503436
"Full Stack Engineer - Junior to Senior - Vue.js, Go",Ezoic,"Carlsbad, CA",https://stackoverflow.com/jobs/427867
Softwareentwickler (m/w/d) Web Frontend - Remote oder vor Ort,dsb ebusiness,"Frankfurt am Main, Deutschland",https://stackoverflow.com/jobs/521137
"Full Stack Web Developer (Remote, International)",SOCi Inc.,No office location,https://stackoverflow.com/jobs/519652
Lead Software Engineer (m/f/d),Personio,"München, Germany",https://stackoverflow.com/jobs/504257
Front-End Team Leader,None,"Tân Bình, Vietnam",https://stackoverflow.com/jobs/512403
(Junior) IT-System-Architekt*in im Bereich Lernmanagementsysteme,Technische Universität Graz,"Graz, Österreich",https://stackoverflow.com/jobs/513196
Research Software Engineer,University of Oxford,"Oxford, UK",https://stackoverflow.com/jobs/520634
Full Stack Webdeveloper (m/f/d),preisboerse24,"Fulda, Deutschland",https://stackoverflow.com/jobs/392888
Mid-level Full-Stack Web Developer,uTalk,"London, UK",https://stackoverflow.com/jobs/441760
"Frontend Engineer - Junior to Senior - Vue.js, Go",Ezoic,"Carlsbad, CA",https://stackoverflow.com/jobs/427868
Senior Backend Engineer - Tech Platform (m/f/d),Personio,"München, Germany",https://stackoverflow.com/jobs/467734
Software Engineer Contractor (Remote),Branding Brand,No office location,https://stackoverflow.com/jobs/521767
Full-Stack Technical Lead,SSENSE,"Montreal, QC, Canada",https://stackoverflow.com/jobs/521742
Front-End Web Developer (all genders) Full-/Part-time,Accenture DACH,"Frankfurt, Germany",https://stackoverflow.com/jobs/391299
Senior Software Engineer - Python,Andela,No office location,https://stackoverflow.com/jobs/515967
Senior Software Engineer (iPaaS),Ampersand,No office location,https://stackoverflow.com/jobs/497080
SAP Anwendungsentwickler (m/w/d),Bradler GmbH,"Mannheim, Deutschland",https://stackoverflow.com/jobs/518929
Intermediate Software Developer,Susco,"Metairie, LA",https://stackoverflow.com/jobs/513662
DevOps Engeneer (m/w/d),RheinEnergie AG,"Köln, Deutschland",https://stackoverflow.com/jobs/485764
Junior Full Stack Web Developer (m/w/d) für die Nachrichten-Branche,Badische Neueste Nachrichten Badendruck GmbH,"Karlsruhe, Deutschland",https://stackoverflow.com/jobs/199007
Senior Java Engineer - Remote,Wallethub,No office location,https://stackoverflow.com/jobs/521956
Front-End Team Leader,None,"Tân Bình, Vietnam",https://stackoverflow.com/jobs/512403
Principal Front-end Engineer,MessageBird,No office location,https://stackoverflow.com/jobs/477959
DevOps Engineer,Greenhost,"Amsterdam, Netherlands",https://stackoverflow.com/jobs/513296
Devops Advocate,Akeneo,"Nantes, France",https://stackoverflow.com/jobs/491907
API Designer / Developer (f/m/d) – Web Services / Integration Platform,Europ Assistance Services GmbH,"München, Deutschland",https://stackoverflow.com/jobs/503437
Senior Software Engineer,Storable,"Austin, TX",https://stackoverflow.com/jobs/498463
Senior DevOps Engineer,Bushel,"Fargo, ND",https://stackoverflow.com/jobs/508995
Frontend Developer - Growth Engineering,Soundtrack Your Brand,"Stockholm, Sweden",https://stackoverflow.com/jobs/512048
Backend Engineer,Ascendify,No office location,https://stackoverflow.com/jobs/475060
Backend-Entwickler (m/f/d),preisboerse24,"Fulda, Deutschland",https://stackoverflow.com/jobs/393171
Node JS BackEnd Engineer,Facile.it,"Milan, Italy",https://stackoverflow.com/jobs/441393
Frontend Entwickler (m/w/d) Webanwendungen,Linova Software GmbH,"München, Deutschland",https://stackoverflow.com/jobs/500620
WordPress - Developer (m/w/d),Akademie Überlingen Holding GmbH & Co.KG,"Osnabrück, Deutschland",https://stackoverflow.com/jobs/512683
Front-end Developer,Worksome ApS,"København, Denmark",https://stackoverflow.com/jobs/520009
Cloud Support Engineer (New Zealand/Japan),Platform.sh,No office location,https://stackoverflow.com/jobs/521752
Senior Full Stack Laravel & Vue.js,Worksome ApS,"København, Denmark",https://stackoverflow.com/jobs/503422
Frontend Engineer,Bright Cellars,No office location,https://stackoverflow.com/jobs/518600
"Senior Software Engineer, Core Infrastructure",Chan Zuckerberg Initiative,"Redwood City, CA",https://stackoverflow.com/jobs/483720
Senior Software Engineer,PestRoutes,"Dallas, TX",https://stackoverflow.com/jobs/410497
DevSecOps Engineer (m/f/d),TIER Mobility GmbH,"Berlin, Germany",https://stackoverflow.com/jobs/461171
SAP Anwendungsentwickler (m/w/d),Bradler GmbH,"Mannheim, Deutschland",https://stackoverflow.com/jobs/518929
Junior Developers – Paid internship in Aviation Data & Programming,AIRPORTLABS LIMITED,"Cluj-Napoca, Romania",https://stackoverflow.com/jobs/517276
Full Stack Team Leader,Elementor,"Ramat Gan, Israel",https://stackoverflow.com/jobs/469364
Systems Administrator (m/f/x),Pepper Media Holding GmbH,"Berlin, Germany",https://stackoverflow.com/jobs/521976
Cloud Support Engineer (Remote),Platform.sh,No office location,https://stackoverflow.com/jobs/506044
Frontend Developer,TheVentury GmbH,"Wien, Österreich",https://stackoverflow.com/jobs/474172
Front End Developer,Talnt,No office location,https://stackoverflow.com/jobs/518224
Java Software Engineer (+3 years),Bitso,No office location,https://stackoverflow.com/jobs/465421
Intermediate Software Developer,Susco,"Metairie, LA",https://stackoverflow.com/jobs/513662
DevOps Engeneer (m/w/d),RheinEnergie AG,"Köln, Deutschland",https://stackoverflow.com/jobs/485764
Junior Full Stack Web Developer (m/w/d) für die Nachrichten-Branche,Badische Neueste Nachrichten Badendruck GmbH,"Karlsruhe, Deutschland",https://stackoverflow.com/jobs/199007
Senior Java Engineer - Remote,Wallethub,No office location,https://stackoverflow.com/jobs/521956
Principal Front-end Engineer,MessageBird,No office location,https://stackoverflow.com/jobs/477959
DevOps Engineer,Greenhost,"Amsterdam, Netherlands",https://stackoverflow.com/jobs/513296
Devops Advocate,Akeneo,"Nantes, France",https://stackoverflow.com/jobs/491907
API Designer / Developer (f/m/d) – Web Services / Integration Platform,Europ Assistance Services GmbH,"München, Deutschland",https://stackoverflow.com/jobs/503437
Senior Software Engineer,Storable,"Austin, TX",https://stackoverflow.com/jobs/498463
Senior DevOps Engineer,Bushel,"Fargo, ND",https://stackoverflow.com/jobs/508995
Frontend Developer - Growth Engineering,Soundtrack Your Brand,"Stockholm, Sweden",https://stackoverflow.com/jobs/512048
Backend Engineer,Ascendify,No office location,https://stackoverflow.com/jobs/475060
Backend-Entwickler (m/f/d),preisboerse24,"Fulda, Deutschland",https://stackoverflow.com/jobs/393171
Node JS BackEnd Engineer,Facile.it,"Milan, Italy",https://stackoverflow.com/jobs/441393
Frontend Entwickler (m/w/d) Webanwendungen,Linova Software GmbH,"München, Deutschland",https://stackoverflow.com/jobs/500620
WordPress - Developer (m/w/d),Akademie Überlingen Holding GmbH & Co.KG,"Osnabrück, Deutschland",https://stackoverflow.com/jobs/512683
Front-end Developer,Worksome ApS,"København, Denmark",https://stackoverflow.com/jobs/520009
Senior iOS Engineer,Givelify,No office location,https://stackoverflow.com/jobs/497589
Frontend Engineer,Bright Cellars,No office location,https://stackoverflow.com/jobs/518600
Web Architekt (f/m/d),1&1 Mail & Media Applications SE - WEB.DE | GMX | 1&1 | mail.com,"Karlsruhe, Deutschland",https://stackoverflow.com/jobs/518634
Sr. Full Stack Developer in MedTech (m/f/d) - (Help build new team),Smart Reporting GmbH,"State of Minas Gerais, Brazil",https://stackoverflow.com/jobs/331710
Static Code Analysis - Senior Java Developer,SonarSource,"Geneva, Switzerland",https://stackoverflow.com/jobs/466843
Senior DevOps Engineer,Sam Media,"Kuala Lumpur, Malaysia",https://stackoverflow.com/jobs/432704
Senior Mobile Engineers (Android & iOS),Automattic,No office location,https://stackoverflow.com/jobs/484852
Senior Front-End Developer,Alfi Inc.,"Denver, CO",https://stackoverflow.com/jobs/519794
Senior Software Engineer,Patch.com,"New York, NY",https://stackoverflow.com/jobs/394309
Senior Web Designer,iKhokha,"Durban, South Africa",https://stackoverflow.com/jobs/451934
WordPress Web Developer,Acolyte Group,"London, UK",https://stackoverflow.com/jobs/508988
Principal Software Engineer,"ScientiaMobile, Inc","Reston, VA",https://stackoverflow.com/jobs/449315
IT Security Specialist,Docler Holding,Luxembourg,https://stackoverflow.com/jobs/246038
Mid-level Ruby on Rails Developer,None,"Manchester, UK",https://stackoverflow.com/jobs/500222
Softwareentwickler (m/w/d) – Microsoft Dynamics 365 CRM,C4B Com For Business AG,"Germering, Deutschland",https://stackoverflow.com/jobs/510385
Magento Developer,Media Lounge,"Bournemouth, UK",https://stackoverflow.com/jobs/443026
Team Lead DevOps (f/m/d),plista GmbH,"Berlin, Deutschland",https://stackoverflow.com/jobs/517301
Full Stack Software Entwickler für Digitalisierungsprojekte (m/w/d),Technische Universität Graz,"Graz, Österreich",https://stackoverflow.com/jobs/496862
"Manager, Software Engineering",The New York Public Library,"New York, NY",https://stackoverflow.com/jobs/501785
Backend Developer (Facebook Campaign Management),Smartly.io,"Helsinki, Finland",https://stackoverflow.com/jobs/422071
QA Engineer (m/f/d),PAYBACK,"München, Deutschland",https://stackoverflow.com/jobs/514349
Senior Front-end / JS Developer (Remote),iubenda,"Milan, Italy",https://stackoverflow.com/jobs/513766
(Senior) Softwareentwickler (m/w/d) Mobile .NET Java Web,AraCom IT Services AG,"Gersthofen, Deutschland",https://stackoverflow.com/jobs/497363
Senior Back-End Engineer - Remote,TransferGo,No office location,https://stackoverflow.com/jobs/481181
Full-Stack Developer (m/w/d),BRAINPOOL TV GmbH,"Köln, Deutschland",https://stackoverflow.com/jobs/520654
Web Architekt (f/m/d),1&1 Mail & Media Applications SE - WEB.DE | GMX | 1&1 | mail.com,"Karlsruhe, Deutschland",https://stackoverflow.com/jobs/518634
Full Stack Technical Lead,SSENSE,"Toronto, ON, Canada",https://stackoverflow.com/jobs/516156
Lead Backend Engineer,Docler Holding,Luxembourg,https://stackoverflow.com/jobs/505285
Lead REACT (/iOS or Android) Frontend Software Engineer,Givelify,No office location,https://stackoverflow.com/jobs/508357
Sr. Full Stack Developer in MedTech (m/f/d) - (Help build new team),Smart Reporting GmbH,"State of Minas Gerais, Brazil",https://stackoverflow.com/jobs/331710
Senior Front-End Developer,Alfi Inc.,"Denver, CO",https://stackoverflow.com/jobs/519794
Senior Software Engineer,Patch.com,"New York, NY",https://stackoverflow.com/jobs/394309
WordPress Web Developer,Acolyte Group,"London, UK",https://stackoverflow.com/jobs/508988
Principal Software Engineer,"ScientiaMobile, Inc","Reston, VA",https://stackoverflow.com/jobs/449315
Mid-level Ruby on Rails Developer,None,"Manchester, UK",https://stackoverflow.com/jobs/500222
Softwareentwickler (m/w/d) – Microsoft Dynamics 365 CRM,C4B Com For Business AG,"Germering, Deutschland",https://stackoverflow.com/jobs/510385
Magento Developer,Media Lounge,"Bournemouth, UK",https://stackoverflow.com/jobs/443026
"Manager, Software Engineering",The New York Public Library,"New York, NY",https://stackoverflow.com/jobs/501785
Backend Developer (Facebook Campaign Management),Smartly.io,"Helsinki, Finland",https://stackoverflow.com/jobs/422071
QA Engineer (m/f/d),PAYBACK,"München, Deutschland",https://stackoverflow.com/jobs/514349
Senior Front-end / JS Developer (Remote),iubenda,"Milan, Italy",https://stackoverflow.com/jobs/513766
Senior Back-End Engineer - Remote,TransferGo,No office location,https://stackoverflow.com/jobs/481181
Full-Stack Developer (m/w/d),BRAINPOOL TV GmbH,"Köln, Deutschland",https://stackoverflow.com/jobs/520654
Senior Frontend Developer (m/f/d),qiibee,No office location,https://stackoverflow.com/jobs/516899
Webentwickler (m/w/d),MDM Münzhandelsgesellschaft mbH & Co. KG,"Braunschweig, Deutschland",https://stackoverflow.com/jobs/515464
App-Entwickler (m/w/d),onOffice GmbH,"Aachen, Deutschland",https://stackoverflow.com/jobs/462642
Senior WordPress Plugin Developer,Delicious Brains Inc,No office location,https://stackoverflow.com/jobs/521732
Senior Test Automation Engineer (m/f/d),Westwing Home & Living,"München, Deutschland",https://stackoverflow.com/jobs/516362
Systemadministrator (w/m/d) / Softwareentwickler (w/m/d) (Zentralbibliothek),Forschungszentrum Jülich GmbH,"Jülich, Deutschland",https://stackoverflow.com/jobs/517347
Application Support Engineer (f/m/d),AWIN AG,"London, Vereinigtes Königreich",https://stackoverflow.com/jobs/462713
Web-Entwickler/Developer (m/w/d) für den Bereich Schuldigitalisierung,IServ GmbH,"Braunschweig, Deutschland",https://stackoverflow.com/jobs/408160
Senior Software Engineer,Patch.com,"New York, NY",https://stackoverflow.com/jobs/394309
Senior Front-end / JS Developer (Remote),iubenda,"Milan, Italy",https://stackoverflow.com/jobs/513766
Full-Stack Developer (m/w/d),BRAINPOOL TV GmbH,"Köln, Deutschland",https://stackoverflow.com/jobs/520654
Senior Software Engineer - NodeJS,The Meet Group,"Philadelphia, PA",https://stackoverflow.com/jobs/516010
Senior Software Developer,CitNOW Video,"Stirling, UK",https://stackoverflow.com/jobs/516363
Software developer who wants to change how companies sell digitally - Stockholm,Columbia Road,"Stockholm, Sweden",https://stackoverflow.com/jobs/443002
Mid and Senior LAMP Developer Positions at PDX Medical Software Startup (EHR),MD HQ,"Portland, OR",https://stackoverflow.com/jobs/517542
Senior Full Stack Developer,Frontify AG,"St. Gallen, Switzerland",https://stackoverflow.com/jobs/516144
Senior Fullstack-Web Developer (m/w/d) für Supply Chain Lösungen,SupplyOn AG,"Hallbergmoos, Germany",https://stackoverflow.com/jobs/515916
Backend Engineer (f/m/d) - Accounting,real.digital,"Köln, Deutschland",https://stackoverflow.com/jobs/499583
Senior Web Developer (m/f/d),PAYBACK,"München, Deutschland",https://stackoverflow.com/jobs/509395
Senior Software Engineer,Uplift,"Montreal, QC, Canada",https://stackoverflow.com/jobs/496034
Software­entwickler (m/w/d),onOffice GmbH,"Aachen, Deutschland",https://stackoverflow.com/jobs/397821
Webentwickler / Softwareentwickler (m/w/d),consulting1x1 GmbH,"Leverkusen, Germany",https://stackoverflow.com/jobs/517285
Sr Software Developer,Frogslayer,"College Station, TX",https://stackoverflow.com/jobs/514445
Frontend Software Engineer,trivago N.V.,"Düsseldorf, Germany",https://stackoverflow.com/jobs/520607
Full-Stack-Developer (m/w/d),rooom AG,"Jena, Deutschland",https://stackoverflow.com/jobs/392566
Senior Technical Support Engineer,emerchantpay,"Sofia, Bulgaria",https://stackoverflow.com/jobs/519479
Full Stack Developer (UK Only),Wavenet,"Shirley, UK",https://stackoverflow.com/jobs/486017
Linux System Admin / Developer - EM168,easyMarkets,"Limassol, Cyprus",https://stackoverflow.com/jobs/457913
JavaScript Developer,Smart Adserver,"Kraków, Poland",https://stackoverflow.com/jobs/513750
Site Reliability Engineer (f/m/d),real.digital,"Köln, Deutschland",https://stackoverflow.com/jobs/501203
Data Engineer (Remote),Slido,"Bratislava, Slovakia",https://stackoverflow.com/jobs/519967
Senior Fullstack Engineer (m/f/d) - OMS,Westwing Home & Living,"München, Deutschland",https://stackoverflow.com/jobs/500210
Payments Engineer,Bitso,No office location,https://stackoverflow.com/jobs/457436
Support Engineer - NetSuite Specialist,TaxJar,No office location,https://stackoverflow.com/jobs/496623
Senior Fullstack Developer (Core Platform Services),Smartly.io,"Helsinki, Finland",https://stackoverflow.com/jobs/465571
Senior Android Engineer,Givelify,No office location,https://stackoverflow.com/jobs/497584
Team Lead Engineering (Infrastructure),MessageBird,No office location,https://stackoverflow.com/jobs/493193
Software Engineer (Backend),Fei Siong Food Management Pte. Ltd.,Singapore,https://stackoverflow.com/jobs/512398
Senior Software Engineer (Relocation to Amsterdam),Mollie,"Amsterdam, Netherlands",https://stackoverflow.com/jobs/519524
Backend developer,VIKTOR,"Rotterdam, Netherlands",https://stackoverflow.com/jobs/472215
Full Stack Software Developer: Fast Growing eCommerce Start-up,GlamCorner,"Sydney, Australia",https://stackoverflow.com/jobs/456231
Backend Developer (m/w/d) remote,best it GmbH & Co. KG,"Berlin, Deutschland",https://stackoverflow.com/jobs/513393
Full Stack Software Developer,WeyMedia,No office location,https://stackoverflow.com/jobs/507643
Senior Software Engineer - Client Facing,DeansList,"Brooklyn, NY",https://stackoverflow.com/jobs/496841
Full Stack Technical Lead,SSENSE,"Toronto, ON, Canada",https://stackoverflow.com/jobs/516156
Senior Software Engineer,Patch.com,"New York, NY",https://stackoverflow.com/jobs/394309
Senior Front-end / JS Developer (Remote),iubenda,"Milan, Italy",https://stackoverflow.com/jobs/513766
Full-Stack Developer (m/w/d),BRAINPOOL TV GmbH,"Köln, Deutschland",https://stackoverflow.com/jobs/520654
Senior Software Engineer - NodeJS,The Meet Group,"Philadelphia, PA",https://stackoverflow.com/jobs/516010
Senior Software Developer,CitNOW Video,"Stirling, UK",https://stackoverflow.com/jobs/516363
Software developer who wants to change how companies sell digitally - Stockholm,Columbia Road,"Stockholm, Sweden",https://stackoverflow.com/jobs/443002
Senior Full Stack Developer,Frontify AG,"St. Gallen, Switzerland",https://stackoverflow.com/jobs/516144
Senior Fullstack-Web Developer (m/w/d) für Supply Chain Lösungen,SupplyOn AG,"Hallbergmoos, Germany",https://stackoverflow.com/jobs/515916
Backend Engineer (f/m/d) - Accounting,real.digital,"Köln, Deutschland",https://stackoverflow.com/jobs/499583
Senior Web Developer (m/f/d),PAYBACK,"München, Deutschland",https://stackoverflow.com/jobs/509395
Web-Entwickler/Developer (m/w/d) für den Bereich Schuldigitalisierung,IServ GmbH,"Braunschweig, Deutschland",https://stackoverflow.com/jobs/408160
Senior Software Engineer,Uplift,"Montreal, QC, Canada",https://stackoverflow.com/jobs/496034
Data Engineer,"DC Energy, LLC","Vienna, VA",https://stackoverflow.com/jobs/88064
Software­entwickler (m/w/d),onOffice GmbH,"Aachen, Deutschland",https://stackoverflow.com/jobs/397821
Webentwickler / Softwareentwickler (m/w/d),consulting1x1 GmbH,"Leverkusen, Germany",https://stackoverflow.com/jobs/517285
Sr Software Developer,Frogslayer,"College Station, TX",https://stackoverflow.com/jobs/514445
Full-Stack-Developer (m/w/d),rooom AG,"Jena, Deutschland",https://stackoverflow.com/jobs/392566
Senior Technical Support Engineer,emerchantpay,"Sofia, Bulgaria",https://stackoverflow.com/jobs/519479
Full Stack Developer (UK Only),Wavenet,"Shirley, UK",https://stackoverflow.com/jobs/486017
Linux System Admin / Developer - EM168,easyMarkets,"Limassol, Cyprus",https://stackoverflow.com/jobs/457913
JavaScript Developer,Smart Adserver,"Kraków, Poland",https://stackoverflow.com/jobs/513750
Site Reliability Engineer (f/m/d),real.digital,"Köln, Deutschland",https://stackoverflow.com/jobs/501203
Data Engineer (Remote),Slido,"Bratislava, Slovakia",https://stackoverflow.com/jobs/519967
Senior Fullstack Engineer (m/f/d) - OMS,Westwing Home & Living,"München, Deutschland",https://stackoverflow.com/jobs/500210
IT-Systemadministrierende / Programmierende (w/m/d),Bundesinstitut für Risikobewertung,"Berlin, Deutschland",https://stackoverflow.com/jobs/518500
Database Administrator,SHIELD,Singapore,https://stackoverflow.com/jobs/273054
Senior Systems Engineer (m/f/d),DCMN,"Berlin, Germany",https://stackoverflow.com/jobs/474107
Senior Devops Engineer (f/m/x),AUTO1,"Berlin, Germany",https://stackoverflow.com/jobs/460592
DATA SCIENTIST (F/M/D),plista GmbH,"Berlin, Deutschland",https://stackoverflow.com/jobs/500868
Infrastructure Engineer,BlaBlaCar,No office location,https://stackoverflow.com/jobs/433406
Lead Software Development Engineer in Test,Mastercard,"Dublin, Ireland",https://stackoverflow.com/jobs/443578
Senior Full Stack Engineer,AMBOSS,"Berlin, Germany",https://stackoverflow.com/jobs/427726
DevOps / SRE (New Zealand/Japan),Platform.sh,No office location,https://stackoverflow.com/jobs/520067
Senior Researcher: Website Performance,Defiant Inc,No office location,https://stackoverflow.com/jobs/505994
Director of Engineering Development,"Magic Memories Digital, Ltd.",No office location,https://stackoverflow.com/jobs/518358
Senior Software Engineer (f/m/d),real.digital,"Köln, Deutschland",https://stackoverflow.com/jobs/499588
Head of Software Development for highly scalable Web applications (m/f/d),Yalwa GmbH,"Wiesbaden, Germany",https://stackoverflow.com/jobs/504210
Team Lead Backend Development (GO/API) - Cloud Telephony (m/f/d),NFON AG,"Berlin, Deutschland",https://stackoverflow.com/jobs/505664
Fullstack Developer Laravel / Vue,AirLST GmbH,"München, Deutschland",https://stackoverflow.com/jobs/261736
API and Database Developer for company supporting Ethical Compliance,Ethisphere,No office location,https://stackoverflow.com/jobs/461325
DevOps Engineer,Harlem Next,"Haarlem, Netherlands",https://stackoverflow.com/jobs/423490
Nuxt.js Developper - Permanent / Full time,Steeple,"Rennes, France",https://stackoverflow.com/jobs/512223
Site Reliability Engineer,Akeneo,"Nantes, France",https://stackoverflow.com/jobs/491909
Engineering Manager - Data Platform (m/f/d),Personio,"München, Germany",https://stackoverflow.com/jobs/492548
QA Engineer,AgencyZoom,"Columbus, OH",https://stackoverflow.com/jobs/461422
Front End Developer,Ark Mortgage,"Spring Valley, NY",https://stackoverflow.com/jobs/520651
Fullstack Developer (f/m/d) (based in Germany),LILLYDOO GmbH,"Frankfurt am Main, Germany",https://stackoverflow.com/jobs/487070
Lead Developer,Ontario Digital Service,"Toronto, ON, Canada",https://stackoverflow.com/jobs/517502
Quality Assurance Engineer,ABOUT YOU GmbH & Co. KG,"Hamburg, Deutschland",https://stackoverflow.com/jobs/438769
Magento Developer,Youwe,"Leeds, UK",https://stackoverflow.com/jobs/521754
Engineering Manager (Backend),Runtastic,"Vienna, Austria",https://stackoverflow.com/jobs/498100
Full Stack Developer for New Tech Division,Christian Insurance Group,"Lansing, MI",https://stackoverflow.com/jobs/509754
Software Engineer,DialogTech,No office location,https://stackoverflow.com/jobs/490109
Senior Fullstackentwickler (w/m/d) als Lead of Software Development,Die Sparkasse Bremen AG,"Bremen, Deutschland",https://stackoverflow.com/jobs/515966
QA Engineer,Youwe,"Kyiv, Ukraine",https://stackoverflow.com/jobs/518963
Magento Developer,Agentur LOOP New Media GmbH,"Salzburg, Österreich",https://stackoverflow.com/jobs/488061
Senior Full Stack Engineer - Cyber Security,Myra Security GmbH,"München, Deutschland",https://stackoverflow.com/jobs/466848
Systems Architect,Old Dominion University,"Norfolk, VA",https://stackoverflow.com/jobs/472092
Front-End Developer with Wordpress Expertise,"Duckpin Design, LLC.","Towson, MD",https://stackoverflow.com/jobs/468074
Web Development Trainer (Wallonia),BeCode VZW,"Charleroi, Belgium",https://stackoverflow.com/jobs/215192
Laravel and Vue.js Developer - MailerSend,The Remote Company,No office location,https://stackoverflow.com/jobs/447895
Team Lead,Old Dominion University,"Norfolk, VA",https://stackoverflow.com/jobs/469978
"Senior Front-end Engineer (React,js)",Castor,No office location,https://stackoverflow.com/jobs/462623
Front-End Developer with Wordpress Expertise,"Duckpin Design, LLC.","Towson, MD",https://stackoverflow.com/jobs/468074
Sr. Front End Developer,Addison Group,No office location,https://stackoverflow.com/jobs/499637
Front-End Drupal Developer,Interpersonal Frequency,No office location,https://stackoverflow.com/jobs/465218
NLP Developer,"Yaraku, Inc.","Shibuya City, Japan",https://stackoverflow.com/jobs/286235
Softwareentwickler Javascript/React (m/w/d),HELM-Software,"Ladenburg, Deutschland",https://stackoverflow.com/jobs/507612
Robotics Software Engineer,"Geisel Software, Inc.","Worcester, MA",https://stackoverflow.com/jobs/507966
Cloud Engineer (m/w/d),Kiwigrid GmbH,"Dresden, Deutschland",https://stackoverflow.com/jobs/422923
Frontend Engineer (Senior or Regular) (f/m/d) - Berlin,Ganz & Stock,"Berlin, Deutschland",https://stackoverflow.com/jobs/451863
Android Developer,Triple,"Alkmaar, Netherlands",https://stackoverflow.com/jobs/407726
Administrateur Système F/H,Akeneo,"Nantes, France",https://stackoverflow.com/jobs/491905
(Senior) Android Developer (f/m/d),LILLYDOO GmbH,No office location,https://stackoverflow.com/jobs/513332
SW Development Engineer (f/m/d),Kapsch Group,"Wien, Österreich",https://stackoverflow.com/jobs/398115
Linux Administrator AWS (m/w/d),root360 GmbH,"Leipzig, Deutschland",https://stackoverflow.com/jobs/302484
